Warehouse_ID,Product_ID,Opening_Stock,Received,Sold,Closing_Stock,Stockout_Flag,Inventory_Turnover
W001,P0039,1694,400,494,1600,0,0.3
W001,P0020,1138,207,369,976,0,0.35
W001,P0096,198,657,524,331,0,1.98
W001,P0008,1080,568,561,1087,0,0.52
W001,P0004,1574,267,519,1322,0,0.36
W001,P0030,433,382,28,787,0,0.05
W001,P0073,1364,73,532,905,0,0.47
W001,P0011,124,739,191,672,0,0.48
W001,P0062,1713,629,294,2048,0,0.16
W001,P0055,355,330,546,139,0,2.21
W001,P0023,1543,89,320,1312,0,0.22
W001,P0099,871,767,643,995,0,0.69
W001,P0024,748,258,219,787,0,0.29
W001,P0100,599,142,691,50,0,2.13
W001,P0015,696,759,436,1019,0,0.51
W001,P0005,267,695,441,521,0,1.12
W001,P0049,741,308,353,696,0,0.49
W001,P0025,1220,680,510,1390,0,0.39
W001,P0090,1320,577,163,1734,0,0.11
W001,P0050,559,153,251,461,0,0.49
W001,P0070,929,668,455,1142,0,0.44
W001,P0091,499,687,33,1153,0,0.04
W001,P0093,367,134,601,0,1,3.28
W001,P0098,1392,51,305,1138,0,0.24
W001,P0092,1643,516,79,2080,0,0.04
W001,P0010,1883,362,110,2135,0,0.05
W001,P0061,1073,771,497,1347,0,0.41
W001,P0022,890,304,464,730,0,0.57
W001,P0088,1075,433,601,907,0,0.61
W001,P0058,1399,512,673,1238,0,0.51
W001,P0034,468,236,160,544,0,0.32
W001,P0081,1580,444,661,1363,0,0.45
W001,P0018,1394,798,405,1787,0,0.25
W001,P0084,1366,507,41,1832,0,0.03
W001,P0063,745,61,601,205,0,1.27
W001,P0021,1970,378,336,2012,0,0.17
W001,P0083,1575,412,652,1335,0,0.45
W001,P0017,1348,444,395,1397,0,0.29
W001,P0012,1576,69,656,989,0,0.51
W001,P0071,347,476,127,696,0,0.24
W001,P0072,896,604,275,1225,0,0.26
W001,P0042,687,778,521,944,0,0.64
W001,P0065,1036,209,509,736,0,0.57
W001,P0013,1493,311,67,1737,0,0.04
W001,P0033,446,618,465,599,0,0.89
W001,P0085,865,620,699,786,0,0.85
W001,P0007,1121,674,312,1483,0,0.24
W001,P0054,228,606,82,752,0,0.17
W001,P0048,1257,424,478,1203,0,0.39
W001,P0067,373,217,24,566,0,0.05
W001,P0002,1620,356,255,1721,0,0.15
W001,P0031,522,359,524,357,0,1.19
W001,P0014,598,283,461,420,0,0.91
W001,P0037,1315,314,28,1601,0,0.02
W001,P0094,540,237,541,236,0,1.39
W001,P0057,864,429,411,882,0,0.47
W001,P0019,250,576,632,194,0,2.85
W001,P0052,880,52,225,707,0,0.28
W001,P0087,1734,550,47,2237,0,0.02
W001,P0029,1189,256,116,1329,0,0.09
W001,P0053,1803,596,571,1828,0,0.31
W001,P0045,1933,435,315,2053,0,0.16
W001,P0036,1589,229,694,1124,0,0.51
W001,P0041,1293,440,320,1413,0,0.24
W001,P0028,1444,361,188,1617,0,0.12
W001,P0059,1914,318,601,1631,0,0.34
W001,P0044,131,241,154,218,0,0.88
W001,P0069,1563,507,645,1425,0,0.43
W001,P0043,1045,541,92,1494,0,0.07
W001,P0051,1556,273,265,1564,0,0.17
W001,P0047,1681,154,128,1707,0,0.08
W001,P0001,1398,181,144,1435,0,0.1
W001,P0080,1946,248,338,1856,0,0.18
W001,P0097,1447,408,50,1805,0,0.03
W001,P0082,1913,713,488,2138,0,0.24
W001,P0056,858,297,525,630,0,0.71
W001,P0006,1353,418,459,1312,0,0.34
W001,P0064,1791,308,54,2045,0,0.03
W001,P0009,417,467,30,854,0,0.05
W001,P0038,329,90,623,0,1,3.79
W001,P0027,1428,306,210,1524,0,0.14
W001,P0066,1475,297,626,1146,0,0.48
W001,P0026,1503,173,556,1120,0,0.42
W001,P0046,1804,380,388,1796,0,0.22
W001,P0077,550,112,274,388,0,0.58
W001,P0016,1507,374,310,1571,0,0.2
W001,P0074,854,52,652,254,0,1.18
W001,P0089,882,582,303,1161,0,0.3
W001,P0060,542,438,398,582,0,0.71
W001,P0040,656,544,561,639,0,0.87
W001,P0076,1541,235,425,1351,0,0.29
W001,P0003,1882,688,665,1905,0,0.35
W001,P0095,1636,306,682,1260,0,0.47
W001,P0032,309,637,75,871,0,0.13
W001,P0079,1064,481,384,1161,0,0.35
W001,P0075,402,268,583,87,0,2.38
W001,P0078,1443,558,49,1952,0,0.03
W001,P0086,423,332,231,524,0,0.49
W001,P0035,1004,373,149,1228,0,0.13
W001,P0068,787,577,547,817,0,0.68
W002,P0083,565,381,413,533,0,0.75
W002,P0011,118,507,148,477,0,0.5
W002,P0068,951,506,511,946,0,0.54
W002,P0005,1982,71,663,1390,0,0.39
W002,P0027,1711,222,326,1607,0,0.2
W002,P0001,601,765,252,1114,0,0.29
W002,P0010,1919,306,619,1606,0,0.35
W002,P0022,755,790,319,1226,0,0.32
W002,P0045,1246,202,51,1397,0,0.04
W002,P0080,729,169,609,289,0,1.2
W002,P0061,873,486,472,887,0,0.54
W002,P0058,1842,405,506,1741,0,0.28
W002,P0096,1972,293,580,1685,0,0.32
W002,P0086,1590,344,257,1677,0,0.16
W002,P0007,210,134,562,0,1,5.35
W002,P0038,147,64,621,0,1,8.45
W002,P0041,133,158,196,95,0,1.72
W002,P0081,936,151,647,440,0,0.94
W002,P0043,1421,368,578,1211,0,0.44
W002,P0091,834,533,399,968,0,0.44
W002,P0062,1737,418,441,1714,0,0.26
W002,P0048,995,768,608,1155,0,0.57
W002,P0085,549,57,220,386,0,0.47
W002,P0078,450,424,150,724,0,0.26
W002,P0020,467,282,21,728,0,0.04
W002,P0090,919,365,234,1050,0,0.24
W002,P0047,434,534,62,906,0,0.09
W002,P0088,867,246,290,823,0,0.34
W002,P0072,504,693,265,932,0,0.37
W002,P0042,635,628,170,1093,0,0.2
W002,P0082,1893,498,83,2308,0,0.04
W002,P0028,623,54,567,110,0,1.55
W002,P0100,217,113,289,41,0,2.24
W002,P0035,1587,493,117,1963,0,0.07
W002,P0073,1040,588,318,1310,0,0.27
W002,P0075,718,231,626,323,0,1.2
W002,P0060,1646,592,271,1967,0,0.15
W002,P0019,1885,405,149,2141,0,0.07
W002,P0084,1604,739,251,2092,0,0.14
W002,P0018,373,143,487,29,0,2.42
W002,P0076,1801,225,42,1984,0,0.02
W002,P0016,1872,196,165,1903,0,0.09
W002,P0026,1069,509,594,984,0,0.58
W002,P0069,1642,643,340,1945,0,0.19
W002,P0009,1621,143,502,1262,0,0.35
W002,P0003,1944,274,332,1886,0,0.17
W002,P0098,698,282,176,804,0,0.23
W002,P0071,898,244,365,777,0,0.44
W002,P0015,1947,668,212,2403,0,0.1
W002,P0097,1368,458,693,1133,0,0.55
W002,P0055,619,372,307,684,0,0.47
W002,P0077,699,71,444,326,0,0.87
W002,P0030,1771,408,693,1486,0,0.43
W002,P0044,770,176,305,641,0,0.43
W002,P0099,1720,365,32,2053,0,0.02
W002,P0036,1044,308,63,1289,0,0.05
W002,P0002,112,157,416,0,1,7.43
W002,P0070,1553,603,451,1705,0,0.28
W002,P0037,1433,229,214,1448,0,0.15
W002,P0092,651,238,474,415,0,0.89
W002,P0033,1311,766,537,1540,0,0.38
W002,P0057,707,248,598,357,0,1.12
W002,P0089,1140,90,446,784,0,0.46
W002,P0034,281,79,653,0,1,4.65
W002,P0053,1700,430,442,1688,0,0.26
W002,P0064,1424,115,415,1124,0,0.33
W002,P0051,914,353,542,725,0,0.66
W002,P0059,1108,322,515,915,0,0.51
W002,P0031,1900,383,536,1747,0,0.29
W002,P0052,513,513,197,829,0,0.29
W002,P0006,978,586,216,1348,0,0.19
W002,P0066,1101,582,430,1253,0,0.37
W002,P0063,1853,68,42,1879,0,0.02
W002,P0095,1351,345,664,1032,0,0.56
W002,P0054,840,582,259,1163,0,0.26
W002,P0021,109,647,82,674,0,0.21
W002,P0093,1624,483,421,1686,0,0.25
W002,P0065,973,662,560,1075,0,0.55
W002,P0087,445,453,395,503,0,0.83
W002,P0004,280,266,534,12,0,3.66
W002,P0079,129,497,661,0,1,10.25
W002,P0094,889,703,203,1389,0,0.18
W002,P0013,1637,365,197,1805,0,0.11
W002,P0008,1276,688,211,1753,0,0.14
W002,P0046,351,481,444,388,0,1.2
W002,P0050,737,745,505,977,0,0.59
W002,P0032,326,477,568,235,0,2.02
W002,P0014,1977,287,59,2205,0,0.03
W002,P0040,319,456,610,165,0,2.52
W002,P0039,1350,547,642,1255,0,0.49
W002,P0017,1867,314,344,1837,0,0.19
W002,P0056,1172,285,384,1073,0,0.34
W002,P0029,445,62,652,0,1,2.93
W002,P0023,941,340,693,588,0,0.91
W002,P0025,1843,388,241,1990,0,0.13
W002,P0049,1582,532,551,1563,0,0.35
W002,P0067,1798,361,97,2062,0,0.05
W002,P0012,1317,85,258,1144,0,0.21
W002,P0024,1297,94,322,1069,0,0.27
W002,P0074,470,485,469,486,0,0.98
W003,P0049,1227,560,451,1336,0,0.35
W003,P0034,1107,768,267,1608,0,0.2
W003,P0095,1360,100,424,1036,0,0.35
W003,P0087,1230,758,70,1918,0,0.04
W003,P0040,798,86,163,721,0,0.21
W003,P0078,1771,528,547,1752,0,0.31
W003,P0082,1905,315,213,2007,0,0.11
W003,P0037,1325,639,111,1853,0,0.07
W003,P0059,962,455,515,902,0,0.55
W003,P0083,1273,765,587,1451,0,0.43
W003,P0073,695,271,109,857,0,0.14
W003,P0090,1524,411,338,1597,0,0.22
W003,P0061,440,625,474,591,0,0.92
W003,P0009,569,349,171,747,0,0.26
W003,P0065,1094,264,276,1082,0,0.25
W003,P0100,774,666,610,830,0,0.76
W003,P0072,1493,164,369,1288,0,0.27
W003,P0066,128,572,324,376,0,1.29
W003,P0031,1271,636,398,1509,0,0.29
W003,P0036,469,608,151,926,0,0.22
W003,P0077,303,301,160,444,0,0.43
W003,P0008,885,547,621,811,0,0.73
W003,P0020,1077,460,432,1105,0,0.4
W003,P0053,1945,377,341,1981,0,0.17
W003,P0085,206,609,347,468,0,1.03
W003,P0092,739,457,181,1015,0,0.21
W003,P0002,1630,776,633,1773,0,0.37
W003,P0025,720,167,113,774,0,0.15
W003,P0093,1946,558,343,2161,0,0.17
W003,P0018,912,533,576,869,0,0.65
W003,P0027,1503,258,104,1657,0,0.07
W003,P0058,331,361,274,418,0,0.73
W003,P0016,1597,77,442,1232,0,0.31
W003,P0074,1605,277,118,1764,0,0.07
W003,P0023,927,711,107,1531,0,0.09
W003,P0097,1035,526,592,969,0,0.59
W003,P0017,1494,129,156,1467,0,0.11
W003,P0060,142,105,665,0,1,9.37
W003,P0039,1704,397,26,2075,0,0.01
W003,P0011,1848,670,495,2023,0,0.26
W003,P0091,1499,344,126,1717,0,0.08
W003,P0057,800,552,669,683,0,0.9
W003,P0010,1812,578,494,1896,0,0.27
W003,P0094,860,382,319,923,0,0.36
W003,P0006,1243,142,653,732,0,0.66
W003,P0052,163,418,444,137,0,2.96
W003,P0004,936,504,596,844,0,0.67
W003,P0044,970,659,657,972,0,0.68
W003,P0015,1378,343,613,1108,0,0.49
W003,P0086,1260,294,79,1475,0,0.06
W003,P0070,1749,151,263,1637,0,0.16
W003,P0098,1433,283,179,1537,0,0.12
W003,P0022,298,609,394,513,0,0.97
W003,P0042,894,562,67,1389,0,0.06
W003,P0084,672,136,311,497,0,0.53
W003,P0067,183,453,158,478,0,0.48
W003,P0038,1521,791,25,2287,0,0.01
W003,P0068,1664,123,388,1399,0,0.25
W003,P0047,932,508,644,796,0,0.75
W003,P0024,969,314,35,1248,0,0.03
W003,P0048,1518,722,466,1774,0,0.28
W003,P0028,222,370,233,359,0,0.8
W003,P0080,1528,130,493,1165,0,0.37
W003,P0043,891,508,294,1105,0,0.29
W003,P0063,1322,122,474,970,0,0.41
W003,P0081,710,97,331,476,0,0.56
W003,P0099,697,285,421,561,0,0.67
W003,P0046,1000,769,163,1606,0,0.13
W003,P0076,1344,321,318,1347,0,0.24
W003,P0075,600,753,289,1064,0,0.35
W003,P0026,1273,84,645,712,0,0.65
W003,P0096,596,234,134,696,0,0.21
W003,P0054,1140,681,137,1684,0,0.1
W003,P0033,1006,478,332,1152,0,0.31
W003,P0014,639,684,662,661,0,1.02
W003,P0005,469,317,157,629,0,0.29
W003,P0045,868,452,464,856,0,0.54
W003,P0007,1937,603,477,2063,0,0.24
W003,P0013,1338,665,468,1535,0,0.33
W003,P0001,1515,587,53,2049,0,0.03
W003,P0089,1989,64,172,1881,0,0.09
W003,P0088,1070,635,452,1253,0,0.39
W003,P0056,1065,86,540,611,0,0.64
W003,P0069,816,753,54,1515,0,0.05
W003,P0035,1170,181,121,1230,0,0.1
W003,P0064,732,224,100,856,0,0.13
W003,P0030,379,591,543,427,0,1.35
W003,P0051,333,682,541,474,0,1.34
W003,P0032,1364,786,179,1971,0,0.11
W003,P0050,865,212,376,701,0,0.48
W003,P0003,1792,50,436,1406,0,0.27
W003,P0062,165,538,192,511,0,0.57
W003,P0055,491,622,166,947,0,0.23
W003,P0012,1626,201,377,1450,0,0.25
W003,P0041,1153,277,260,1170,0,0.22
W003,P0021,364,233,668,0,1,3.67
W003,P0029,1817,237,448,1606,0,0.26
W003,P0079,1628,666,557,1737,0,0.33
W003,P0071,322,211,383,150,0,1.62
W003,P0019,259,664,453,470,0,1.24
W004,P0013,243,184,156,271,0,0.61
W004,P0042,1641,139,51,1729,0,0.03
W004,P0038,1804,451,99,2156,0,0.05
W004,P0012,1781,679,630,1830,0,0.35
W004,P0041,149,611,532,228,0,2.82
W004,P0032,1421,157,200,1378,0,0.14
W004,P0007,1359,580,516,1423,0,0.37
W004,P0035,1972,653,203,2422,0,0.09
W004,P0022,1833,454,427,1860,0,0.23
W004,P0056,1572,353,257,1668,0,0.16
W004,P0010,316,744,426,634,0,0.9
W004,P0026,1454,738,191,2001,0,0.11
W004,P0029,481,777,138,1120,0,0.17
W004,P0070,488,689,445,732,0,0.73
W004,P0094,1904,448,98,2254,0,0.05
W004,P0084,338,416,452,302,0,1.41
W004,P0061,1782,693,411,2064,0,0.21
W004,P0062,972,352,244,1080,0,0.24
W004,P0003,1490,799,402,1887,0,0.24
W004,P0082,1329,343,611,1061,0,0.51
W004,P0019,1680,517,202,1995,0,0.11
W004,P0093,215,547,76,686,0,0.17
W004,P0033,1236,393,157,1472,0,0.12
W004,P0098,460,776,113,1123,0,0.14
W004,P0030,1394,133,201,1326,0,0.15
W004,P0089,909,505,161,1253,0,0.15
W004,P0043,546,690,75,1161,0,0.09
W004,P0005,1629,309,488,1450,0,0.32
W004,P0091,1332,68,457,943,0,0.4
W004,P0002,1574,317,334,1557,0,0.21
W004,P0034,706,394,451,649,0,0.67
W004,P0081,724,83,350,457,0,0.59
W004,P0048,1884,272,306,1850,0,0.16
W004,P0086,973,227,78,1122,0,0.07
W004,P0077,1163,781,273,1671,0,0.19
W004,P0027,1568,739,301,2006,0,0.17
W004,P0016,1268,399,633,1034,0,0.55
W004,P0096,1583,563,589,1557,0,0.38
W004,P0069,176,541,382,335,0,1.5
W004,P0008,218,284,80,422,0,0.25
W004,P0065,954,143,443,654,0,0.55
W004,P0028,1428,334,306,1456,0,0.21
W004,P0073,1014,479,621,872,0,0.66
W004,P0017,1080,291,512,859,0,0.53
W004,P0079,1798,76,224,1650,0,0.13
W004,P0049,393,570,289,674,0,0.54
W004,P0018,219,359,225,353,0,0.79
W004,P0100,324,761,668,417,0,1.8
W004,P0051,1498,163,525,1136,0,0.4
W004,P0023,1592,306,233,1665,0,0.14
W004,P0074,1047,157,359,845,0,0.38
W004,P0099,1820,667,466,2021,0,0.24
W004,P0085,1314,174,614,874,0,0.56
W004,P0044,443,280,392,331,0,1.01
W004,P0087,534,223,472,285,0,1.15
W004,P0053,1138,426,248,1316,0,0.2
W004,P0071,1526,543,340,1729,0,0.21
W004,P0088,875,449,191,1133,0,0.19
W004,P0047,669,302,26,945,0,0.03
W004,P0020,891,332,272,951,0,0.3
W004,P0090,1781,537,458,1860,0,0.25
W004,P0092,374,344,379,339,0,1.06
W004,P0036,908,94,616,386,0,0.95
W004,P0040,355,651,546,460,0,1.34
W004,P0021,919,295,92,1122,0,0.09
W004,P0054,1098,770,386,1482,0,0.3
W004,P0015,1562,177,611,1128,0,0.45
W004,P0063,1074,544,20,1598,0,0.01
W004,P0064,594,365,304,655,0,0.49
W004,P0025,1839,72,671,1240,0,0.44
W004,P0055,697,573,231,1039,0,0.27
W004,P0037,263,266,556,0,1,4.23
W004,P0076,341,783,251,873,0,0.41
W004,P0006,173,695,23,845,0,0.05
W004,P0011,544,796,338,1002,0,0.44
W004,P0060,1422,152,630,944,0,0.53
W004,P0009,1200,90,406,884,0,0.39
W004,P0031,1265,721,96,1890,0,0.06
W004,P0067,406,678,648,436,0,1.54
W004,P0057,1864,372,491,1745,0,0.27
W004,P0045,884,69,236,717,0,0.29
W004,P0080,365,129,309,185,0,1.12
W004,P0078,876,487,255,1108,0,0.26
W004,P0052,561,112,92,581,0,0.16
W004,P0058,1269,596,591,1274,0,0.46
W004,P0004,412,333,280,465,0,0.64
W004,P0075,1386,92,191,1287,0,0.14
W004,P0083,980,389,567,802,0,0.64
W004,P0024,1853,567,517,1903,0,0.28
W004,P0001,1516,672,301,1887,0,0.18
W004,P0050,296,337,494,139,0,2.27
W004,P0039,267,747,167,847,0,0.3
W004,P0046,1660,769,687,1742,0,0.4
W004,P0014,1808,109,38,1879,0,0.02
W004,P0072,687,111,45,753,0,0.06
W004,P0068,1294,771,292,1773,0,0.19
W004,P0059,1668,125,85,1708,0,0.05
W004,P0095,816,373,309,880,0,0.36
W004,P0066,194,126,566,0,1,5.84
W004,P0097,1600,409,57,1952,0,0.03
W005,P0023,315,127,532,0,1,3.38
W005,P0059,1717,241,137,1821,0,0.08
W005,P0030,1117,87,577,627,0,0.66
W005,P0024,1093,230,189,1134,0,0.17
W005,P0098,766,299,48,1017,0,0.05
W005,P0053,1995,661,400,2256,0,0.19
W005,P0086,490,781,590,681,0,1.01
W005,P0043,992,447,109,1330,0,0.09
W005,P0096,142,786,61,867,0,0.12
W005,P0006,102,429,217,314,0,1.04
W005,P0010,423,493,52,864,0,0.08
W005,P0009,1430,705,70,2065,0,0.04
W005,P0045,1912,542,499,1955,0,0.26
W005,P0005,1511,722,329,1904,0,0.19
W005,P0066,1721,269,584,1406,0,0.37
W005,P0016,921,143,539,525,0,0.75
W005,P0070,1407,122,165,1364,0,0.12
W005,P0078,212,458,584,86,0,3.92
W005,P0027,597,681,557,721,0,0.85
W005,P0068,971,594,619,946,0,0.65
W005,P0079,230,433,193,470,0,0.55
W005,P0056,766,333,434,665,0,0.61
W005,P0081,1263,716,569,1410,0,0.43
W005,P0014,690,764,486,968,0,0.59
W005,P0055,363,708,520,551,0,1.14
W005,P0020,1590,262,66,1786,0,0.04
W005,P0085,801,796,320,1277,0,0.31
W005,P0065,1844,531,557,1818,0,0.3
W005,P0071,1188,144,569,763,0,0.58
W005,P0017,191,559,429,321,0,1.68
W005,P0073,492,149,198,443,0,0.42
W005,P0058,1505,392,93,1804,0,0.06
W005,P0069,249,231,647,0,1,5.2
W005,P0003,1479,317,60,1736,0,0.04
W005,P0013,1362,311,397,1276,0,0.3
W005,P0047,946,102,677,371,0,1.03
W005,P0029,431,314,43,702,0,0.08
W005,P0075,1536,435,33,1938,0,0.02
W005,P0037,1782,418,659,1541,0,0.4
W005,P0095,274,409,401,282,0,1.44
W005,P0044,402,282,524,160,0,1.86
W005,P0034,1841,799,255,2385,0,0.12
W005,P0018,1680,237,396,1521,0,0.25
W005,P0064,951,270,400,821,0,0.45
W005,P0004,1967,483,467,1983,0,0.24
W005,P0060,1673,635,580,1728,0,0.34
W005,P0090,1682,194,259,1617,0,0.16
W005,P0072,1984,142,614,1512,0,0.35
W005,P0051,1259,296,289,1266,0,0.23
W005,P0074,1439,65,480,1024,0,0.39
W005,P0093,563,393,695,261,0,1.69
W005,P0083,668,797,255,1210,0,0.27
W005,P0094,1143,779,255,1667,0,0.18
W005,P0050,477,511,503,485,0,1.05
W005,P0046,125,372,138,359,0,0.57
W005,P0032,833,273,428,678,0,0.57
W005,P0042,937,469,195,1211,0,0.18
W005,P0025,233,478,244,467,0,0.7
W005,P0002,808,761,493,1076,0,0.52
W005,P0028,595,746,224,1117,0,0.26
W005,P0036,1425,523,650,1298,0,0.48
W005,P0049,837,454,656,635,0,0.89
W005,P0040,687,544,166,1065,0,0.19
W005,P0084,386,418,440,364,0,1.17
W005,P0026,965,266,612,619,0,0.77
W005,P0008,395,141,281,255,0,0.86
W005,P0001,901,728,528,1101,0,0.53
W005,P0012,495,791,421,865,0,0.62
W005,P0015,867,146,243,770,0,0.3
W005,P0063,1079,220,97,1202,0,0.09
W005,P0099,791,179,35,935,0,0.04
W005,P0062,1424,248,650,1022,0,0.53
W005,P0019,987,188,385,790,0,0.43
W005,P0011,1771,333,429,1675,0,0.25
W005,P0022,833,609,637,805,0,0.78
W005,P0091,1012,235,601,646,0,0.72
W005,P0100,1903,664,620,1947,0,0.32
W005,P0092,1760,582,285,2057,0,0.15
W005,P0057,888,648,449,1087,0,0.45
W005,P0052,1565,221,279,1507,0,0.18
W005,P0038,128,423,24,527,0,0.07
W005,P0067,599,248,102,745,0,0.15
W005,P0048,535,429,275,689,0,0.45
W005,P0087,947,525,653,819,0,0.74
W005,P0089,339,393,217,515,0,0.51
W005,P0041,1846,130,616,1360,0,0.38
W005,P0080,512,252,691,73,0,2.36
W005,P0033,234,557,491,300,0,1.84
W005,P0039,434,711,479,666,0,0.87
W005,P0031,1901,777,656,2022,0,0.33
W005,P0088,686,699,545,840,0,0.71
W005,P0077,705,589,433,861,0,0.55
W005,P0082,1925,588,414,2099,0,0.21
W005,P0054,493,569,464,598,0,0.85
W005,P0076,569,599,349,819,0,0.5
W005,P0021,1841,210,685,1366,0,0.43
W005,P0097,641,307,610,338,0,1.25
W005,P0007,635,391,411,615,0,0.66
W005,P0035,1787,145,287,1645,0,0.17
W005,P0061,455,499,79,875,0,0.12
W006,P0100,1978,710,164,2524,0,0.07
W006,P0001,1502,201,89,1614,0,0.06
W006,P0049,116,778,558,336,0,2.47
W006,P0069,938,118,637,419,0,0.94
W006,P0017,1754,367,475,1646,0,0.28
W006,P0021,476,533,392,617,0,0.72
W006,P0013,714,174,182,706,0,0.26
W006,P0091,1433,672,693,1412,0,0.49
W006,P0086,1938,413,90,2261,0,0.04
W006,P0041,348,656,415,589,0,0.89
W006,P0044,518,330,456,392,0,1.0
W006,P0010,842,427,140,1129,0,0.14
W006,P0025,1832,343,524,1651,0,0.3
W006,P0080,1944,521,511,1954,0,0.26
W006,P0060,1100,170,591,679,0,0.66
W006,P0097,1193,633,495,1331,0,0.39
W006,P0012,965,254,322,897,0,0.35
W006,P0084,259,76,118,217,0,0.5
W006,P0050,666,298,255,709,0,0.37
W006,P0051,1474,243,484,1233,0,0.36
W006,P0038,258,407,246,419,0,0.73
W006,P0022,685,782,371,1096,0,0.42
W006,P0047,1977,69,475,1571,0,0.27
W006,P0045,793,358,330,821,0,0.41
W006,P0046,1604,699,627,1676,0,0.38
W006,P0055,1756,484,658,1582,0,0.39
W006,P0036,780,625,274,1131,0,0.29
W006,P0058,780,625,173,1232,0,0.17
W006,P0082,685,582,603,664,0,0.89
W006,P0018,350,293,344,299,0,1.06
W006,P0062,636,358,333,661,0,0.51
W006,P0034,965,660,124,1501,0,0.1
W006,P0035,552,575,605,522,0,1.13
W006,P0090,528,175,315,388,0,0.69
W006,P0027,713,624,350,987,0,0.41
W006,P0004,1996,587,173,2410,0,0.08
W006,P0048,609,85,211,483,0,0.39
W006,P0071,1265,208,282,1191,0,0.23
W006,P0024,142,609,360,391,0,1.35
W006,P0077,1266,656,507,1415,0,0.38
W006,P0054,1936,346,269,2013,0,0.14
W006,P0030,1873,743,454,2162,0,0.23
W006,P0032,530,612,55,1087,0,0.07
W006,P0064,658,254,27,885,0,0.03
W006,P0011,259,776,456,579,0,1.09
W006,P0065,517,744,68,1193,0,0.08
W006,P0088,1393,672,145,1920,0,0.09
W006,P0075,314,121,23,412,0,0.06
W006,P0003,485,299,399,385,0,0.92
W006,P0053,615,657,175,1097,0,0.2
W006,P0006,587,470,588,469,0,1.11
W006,P0052,1231,327,313,1245,0,0.25
W006,P0028,249,328,352,225,0,1.49
W006,P0089,771,761,476,1056,0,0.52
W006,P0094,952,616,351,1217,0,0.32
W006,P0092,1158,257,38,1377,0,0.03
W006,P0067,1871,287,117,2041,0,0.06
W006,P0031,1493,408,141,1760,0,0.09
W006,P0093,180,760,438,502,0,1.28
W006,P0068,1673,604,295,1982,0,0.16
W006,P0040,176,314,606,0,1,6.89
W006,P0087,1478,89,408,1159,0,0.31
W006,P0056,1700,288,164,1824,0,0.09
W006,P0074,184,197,250,131,0,1.59
W006,P0083,1549,618,176,1991,0,0.1
W006,P0072,459,317,212,564,0,0.41
W006,P0005,1470,648,144,1974,0,0.08
W006,P0014,1965,700,191,2474,0,0.09
W006,P0059,932,445,559,818,0,0.64
W006,P0033,1734,223,467,1490,0,0.29
W006,P0063,1207,350,320,1237,0,0.26
W006,P0073,121,757,23,855,0,0.05
W006,P0079,954,724,266,1412,0,0.22
W006,P0039,658,742,612,788,0,0.85
W006,P0008,1356,570,248,1678,0,0.16
W006,P0002,498,760,598,660,0,1.03
W006,P0029,1644,360,50,1954,0,0.03
W006,P0037,1875,782,109,2548,0,0.05
W006,P0026,415,384,377,422,0,0.9
W006,P0042,220,310,461,69,0,3.19
W006,P0057,1485,374,654,1205,0,0.49
W006,P0066,914,647,685,876,0,0.77
W006,P0070,1901,625,295,2231,0,0.14
W006,P0098,519,644,588,575,0,1.07
W006,P0078,1521,729,527,1723,0,0.32
W006,P0061,543,171,198,516,0,0.37
W006,P0020,1326,581,553,1354,0,0.41
W006,P0096,435,763,29,1169,0,0.04
W006,P0076,1210,480,421,1269,0,0.34
W006,P0007,132,254,29,357,0,0.12
W006,P0015,812,362,471,703,0,0.62
W006,P0081,663,326,606,383,0,1.16
W006,P0095,1923,78,685,1316,0,0.42
W006,P0023,492,485,635,342,0,1.52
W006,P0019,672,457,497,632,0,0.76
W006,P0009,903,256,273,886,0,0.31
W006,P0016,697,344,333,708,0,0.47
W006,P0085,897,392,58,1231,0,0.05
W006,P0099,1791,531,556,1766,0,0.31
W006,P0043,1504,473,488,1489,0,0.33
W007,P0059,665,404,34,1035,0,0.04
W007,P0052,277,666,246,697,0,0.51
W007,P0033,1906,156,605,1457,0,0.36
W007,P0071,127,219,478,0,1,7.53
W007,P0027,432,653,485,600,0,0.94
W007,P0093,1876,460,67,2269,0,0.03
W007,P0030,1881,414,259,2036,0,0.13
W007,P0060,1670,620,49,2241,0,0.03
W007,P0051,1207,392,427,1172,0,0.36
W007,P0006,1348,200,501,1047,0,0.42
W007,P0058,300,675,561,414,0,1.57
W007,P0007,1321,337,601,1057,0,0.51
W007,P0099,1460,105,627,938,0,0.52
W007,P0070,1143,727,643,1227,0,0.54
W007,P0018,1748,78,319,1507,0,0.2
W007,P0063,1824,386,512,1698,0,0.29
W007,P0004,569,143,430,282,0,1.01
W007,P0081,238,460,677,21,0,5.23
W007,P0067,485,265,77,673,0,0.13
W007,P0044,1105,525,310,1320,0,0.26
W007,P0040,869,272,113,1028,0,0.12
W007,P0048,1414,125,544,995,0,0.45
W007,P0016,1184,236,356,1064,0,0.32
W007,P0001,166,352,44,474,0,0.14
W007,P0053,400,93,236,257,0,0.72
W007,P0003,630,411,151,890,0,0.2
W007,P0031,1162,323,165,1320,0,0.13
W007,P0080,880,503,601,782,0,0.72
W007,P0020,959,761,108,1612,0,0.08
W007,P0096,957,138,656,439,0,0.94
W007,P0092,563,160,406,317,0,0.92
W007,P0026,387,652,169,870,0,0.27
W007,P0088,1206,417,458,1165,0,0.39
W007,P0010,1824,512,171,2165,0,0.09
W007,P0097,872,317,496,693,0,0.63
W007,P0022,537,132,47,622,0,0.08
W007,P0072,695,611,504,802,0,0.67
W007,P0011,433,404,184,653,0,0.34
W007,P0028,1719,193,387,1525,0,0.24
W007,P0012,115,266,651,0,1,11.32
W007,P0024,987,262,288,961,0,0.3
W007,P0021,623,437,201,859,0,0.27
W007,P0014,1079,302,255,1126,0,0.23
W007,P0002,352,319,592,79,0,2.75
W007,P0025,476,328,443,361,0,1.06
W007,P0032,1469,157,594,1032,0,0.48
W007,P0036,572,80,391,261,0,0.94
W007,P0074,911,487,64,1334,0,0.06
W007,P0015,1476,109,240,1345,0,0.17
W007,P0069,665,560,573,652,0,0.87
W007,P0079,1725,412,649,1488,0,0.4
W007,P0050,308,599,95,812,0,0.17
W007,P0041,984,147,150,981,0,0.15
W007,P0073,1384,765,544,1605,0,0.36
W007,P0005,1640,684,254,2070,0,0.14
W007,P0061,183,139,320,2,0,3.46
W007,P0082,943,366,64,1245,0,0.06
W007,P0017,1385,81,184,1282,0,0.14
W007,P0091,1098,715,404,1409,0,0.32
W007,P0064,1528,124,646,1006,0,0.51
W007,P0090,834,506,462,878,0,0.54
W007,P0066,722,569,335,956,0,0.4
W007,P0039,715,336,430,621,0,0.64
W007,P0043,200,547,318,429,0,1.01
W007,P0065,1562,253,241,1574,0,0.15
W007,P0029,378,541,251,668,0,0.48
W007,P0023,210,632,472,370,0,1.63
W007,P0045,931,675,253,1353,0,0.22
W007,P0075,1208,461,128,1541,0,0.09
W007,P0083,985,341,274,1052,0,0.27
W007,P0019,1130,178,469,839,0,0.48
W007,P0049,312,165,352,125,0,1.61
W007,P0089,1276,499,358,1417,0,0.27
W007,P0085,1146,254,370,1030,0,0.34
W007,P0055,730,53,608,175,0,1.34
W007,P0057,667,700,27,1340,0,0.03
W007,P0042,294,496,602,188,0,2.5
W007,P0068,416,234,663,0,1,3.19
W007,P0098,1361,209,454,1116,0,0.37
W007,P0095,900,224,510,614,0,0.67
W007,P0047,1051,744,566,1229,0,0.5
W007,P0038,564,338,367,535,0,0.67
W007,P0013,1718,560,155,2123,0,0.08
W007,P0078,1845,184,485,1544,0,0.29
W007,P0054,800,339,305,834,0,0.37
W007,P0100,1794,134,38,1890,0,0.02
W007,P0077,1503,726,119,2110,0,0.07
W007,P0008,972,334,472,834,0,0.52
W007,P0034,185,499,442,242,0,2.07
W007,P0062,135,696,327,504,0,1.02
W007,P0084,1019,113,645,487,0,0.86
W007,P0087,647,698,152,1193,0,0.17
W007,P0086,966,276,100,1142,0,0.09
W007,P0076,988,533,490,1031,0,0.49
W007,P0009,910,744,226,1428,0,0.19
W007,P0037,114,718,51,781,0,0.11
W007,P0046,1857,788,117,2528,0,0.05
W007,P0035,1419,203,377,1245,0,0.28
W007,P0056,178,182,86,274,0,0.38
W007,P0094,1404,499,256,1647,0,0.17
W008,P0005,1173,377,586,964,0,0.55
W008,P0100,100,624,553,171,0,4.08
W008,P0025,297,761,206,852,0,0.36
W008,P0037,403,412,154,661,0,0.29
W008,P0032,1294,370,679,985,0,0.6
W008,P0013,168,765,344,589,0,0.91
W008,P0021,974,144,374,744,0,0.44
W008,P0095,1378,334,526,1186,0,0.41
W008,P0070,1823,798,181,2440,0,0.08
W008,P0035,640,613,251,1002,0,0.31
W008,P0006,694,722,48,1368,0,0.05
W008,P0033,1740,357,576,1521,0,0.35
W008,P0019,1949,154,654,1449,0,0.38
W008,P0088,1326,576,393,1509,0,0.28
W008,P0058,1896,692,25,2563,0,0.01
W008,P0012,207,646,439,414,0,1.41
W008,P0083,849,184,342,691,0,0.44
W008,P0009,1852,330,139,2043,0,0.07
W008,P0027,1514,604,203,1915,0,0.12
W008,P0091,204,404,645,0,1,6.32
W008,P0085,985,791,191,1585,0,0.15
W008,P0017,321,771,644,448,0,1.67
W008,P0098,1920,261,306,1875,0,0.16
W008,P0066,493,382,274,601,0,0.5
W008,P0026,1940,568,408,2100,0,0.2
W008,P0016,1953,450,436,1967,0,0.22
W008,P0099,294,390,137,547,0,0.33
W008,P0039,1912,407,347,1972,0,0.18
W008,P0001,541,648,570,619,0,0.98
W008,P0049,623,239,253,609,0,0.41
W008,P0028,768,675,261,1182,0,0.27
W008,P0074,327,301,159,469,0,0.4
W008,P0060,455,726,668,513,0,1.38
W008,P0056,1333,260,51,1542,0,0.04
W008,P0045,115,636,691,60,0,7.9
W008,P0010,713,613,279,1047,0,0.32
W008,P0075,1305,531,468,1368,0,0.35
W008,P0072,1362,185,470,1077,0,0.39
W008,P0007,286,237,249,274,0,0.89
W008,P0042,1095,186,76,1205,0,0.07
W008,P0002,1879,103,157,1825,0,0.08
W008,P0079,773,683,453,1003,0,0.51
W008,P0061,1394,112,603,903,0,0.53
W008,P0071,1141,412,131,1422,0,0.1
W008,P0077,370,706,29,1047,0,0.04
W008,P0064,296,383,231,448,0,0.62
W008,P0046,264,54,182,136,0,0.91
W008,P0014,1050,716,344,1422,0,0.28
W008,P0043,1929,234,687,1476,0,0.4
W008,P0087,1692,78,105,1665,0,0.06
W008,P0047,949,586,140,1395,0,0.12
W008,P0054,633,687,138,1182,0,0.15
W008,P0034,645,247,624,268,0,1.37
W008,P0082,540,608,642,506,0,1.23
W008,P0023,1837,761,425,2173,0,0.21
W008,P0055,876,628,312,1192,0,0.3
W008,P0050,344,232,176,400,0,0.47
W008,P0096,632,408,298,742,0,0.43
W008,P0031,1452,460,25,1887,0,0.01
W008,P0057,1524,540,225,1839,0,0.13
W008,P0051,1679,518,630,1567,0,0.39
W008,P0020,1700,585,61,2224,0,0.03
W008,P0040,1596,369,429,1536,0,0.27
W008,P0038,1054,101,465,690,0,0.53
W008,P0003,918,351,588,681,0,0.74
W008,P0015,906,609,151,1364,0,0.13
W008,P0067,195,676,178,693,0,0.4
W008,P0089,757,209,494,472,0,0.8
W008,P0011,1706,587,352,1941,0,0.19
W008,P0068,1627,315,340,1602,0,0.21
W008,P0065,1319,550,592,1277,0,0.46
W008,P0053,1389,606,300,1695,0,0.19
W008,P0018,1945,108,483,1570,0,0.27
W008,P0052,582,739,471,850,0,0.66
W008,P0004,1978,790,344,2424,0,0.16
W008,P0092,163,780,436,507,0,1.3
W008,P0076,1328,226,690,864,0,0.63
W008,P0069,1103,649,236,1516,0,0.18
W008,P0036,1347,477,612,1212,0,0.48
W008,P0080,366,561,281,646,0,0.56
W008,P0048,780,660,671,769,0,0.87
W008,P0063,1337,786,412,1711,0,0.27
W008,P0029,1803,647,627,1823,0,0.35
W008,P0090,558,142,507,193,0,1.35
W008,P0093,1382,94,281,1195,0,0.22
W008,P0062,605,493,473,625,0,0.77
W008,P0030,1332,598,292,1638,0,0.2
W008,P0022,1977,741,305,2413,0,0.14
W008,P0073,1557,793,249,2101,0,0.14
W008,P0094,919,394,145,1168,0,0.14
W008,P0086,425,250,215,460,0,0.49
W008,P0084,527,400,509,418,0,1.08
W008,P0078,1112,270,651,731,0,0.71
W008,P0081,767,300,400,667,0,0.56
W008,P0059,748,363,587,524,0,0.92
W008,P0008,1741,713,331,2123,0,0.17
W008,P0024,1441,61,497,1005,0,0.41
W008,P0041,1521,389,495,1415,0,0.34
W008,P0097,299,707,441,565,0,1.02
W008,P0044,1469,338,179,1628,0,0.12
